Subtype	CodonPosition	Coverage	Protein
HXB2	0	0.0	Unknown
HXB2	1	0.0	Unknown
HXB2	2	0.0	Unknown
HXB2	3	0.0	Unknown
HXB2	4	0.0	Unknown
HXB2	5	0.0	Unknown
HXB2	6	0.0	Unknown
HXB2	7	0.0	Unknown
HXB2	8	0.0	Unknown
HXB2	9	0.0	Unknown
HXB2	10	0.0	Unknown
HXB2	11	0.0	Unknown
HXB2	12	0.0	Unknown
HXB2	13	0.0	Unknown
HXB2	14	0.0	Unknown
HXB2	15	0.0	Unknown
HXB2	16	0.0	Unknown
HXB2	17	0.0	Unknown
HXB2	18	0.0	Unknown
HXB2	19	0.0	Unknown
HXB2	20	0.0	Unknown
HXB2	21	0.0	Unknown
HXB2	22	0.0	Unknown
HXB2	23	0.0	Unknown
HXB2	24	0.0	Unknown
HXB2	25	0.0	Unknown
HXB2	26	0.0	Unknown
HXB2	27	0.0	Unknown
HXB2	28	0.0	Unknown
HXB2	29	0.0	Unknown
HXB2	30	0.0	Unknown
HXB2	31	0.0	Unknown
HXB2	32	0.0	Unknown
HXB2	33	0.0	Unknown
HXB2	34	0.0	Unknown
HXB2	35	0.0	Unknown
HXB2	36	0.0	Unknown
HXB2	37	0.0	Unknown
HXB2	38	0.0	Unknown
HXB2	39	26.333333333333332	Unknown
HXB2	40	37.666666666666664	Unknown
HXB2	41	38.0	Unknown
HXB2	42	38.0	Unknown
HXB2	43	38.0	Unknown
HXB2	44	38.0	Unknown
HXB2	45	38.0	Unknown
HXB2	46	25.333333333333332	Unknown
HXB2	47	0.0	Unknown
HXB2	48	0.0	Unknown
HXB2	49	0.0	Unknown
HXB2	50	0.0	Unknown
HXB2	51	0.0	Unknown
HXB2	52	0.0	Unknown
HXB2	53	0.0	Unknown
HXB2	54	0.0	Unknown
HXB2	55	0.0	Unknown
HXB2	56	0.0	Unknown
HXB2	57	0.0	Unknown
HXB2	58	0.0	Unknown
HXB2	59	0.0	Unknown
HXB2	60	0.0	Unknown
HXB2	61	0.0	Unknown
HXB2	62	0.0	Unknown
HXB2	63	0.0	Unknown
HXB2	64	0.0	Unknown
HXB2	65	0.0	Unknown
HXB2	66	0.0	Unknown
HXB2	67	0.0	Unknown
HXB2	68	0.0	Unknown
HXB2	69	0.0	Unknown
HXB2	70	0.0	Unknown
HXB2	71	0.0	Unknown
HXB2	72	0.0	Unknown
HXB2	73	0.0	Unknown
HXB2	74	0.0	Unknown
HXB2	75	0.0	Unknown
HXB2	76	0.0	Unknown
HXB2	77	0.0	Unknown
HXB2	78	0.0	Unknown
HXB2	79	0.0	Unknown
HXB2	80	0.0	Unknown
HXB2	81	0.0	Unknown
HXB2	82	0.0	Unknown
HXB2	83	0.0	Unknown
HXB2	84	0.0	Unknown
HXB2	85	0.0	Unknown
HXB2	86	0.0	Unknown
HXB2	87	0.0	Unknown
HXB2	88	0.0	Unknown
HXB2	89	0.0	Unknown
HXB2	90	0.0	Unknown
HXB2	91	0.0	Unknown
HXB2	92	0.0	Unknown
HXB2	93	0.0	Unknown
HXB2	94	0.0	Unknown
HXB2	95	0.0	Unknown
HXB2	96	0.0	Unknown
HXB2	97	0.0	Unknown
HXB2	98	0.0	Unknown
HXB2	99	0.0	Unknown
HXB2	100	0.0	Unknown
HXB2	101	0.0	Unknown
HXB2	102	0.0	Unknown
HXB2	103	0.0	Unknown
HXB2	104	0.0	Unknown
HXB2	105	0.0	Unknown
HXB2	106	0.0	Unknown
HXB2	107	0.0	Unknown
HXB2	108	0.0	Unknown
HXB2	109	0.0	Unknown
HXB2	110	0.0	Unknown
HXB2	111	0.0	Unknown
HXB2	112	0.0	Unknown
HXB2	113	0.0	Unknown
HXB2	114	0.0	Unknown
HXB2	115	0.0	Unknown
HXB2	116	0.0	Unknown
HXB2	117	0.0	Unknown
HXB2	118	0.0	Unknown
HXB2	119	0.0	Unknown
HXB2	120	0.0	Unknown
HXB2	121	0.0	Unknown
HXB2	122	0.0	Unknown
HXB2	123	0.0	Unknown
HXB2	124	0.0	Unknown
HXB2	125	0.0	Unknown
HXB2	126	0.0	Unknown
HXB2	127	0.0	Unknown
HXB2	128	0.0	Unknown
HXB2	129	0.0	Unknown
HXB2	130	0.0	Unknown
HXB2	131	0.0	Unknown
HXB2	132	0.0	Unknown
HXB2	133	0.0	Unknown
HXB2	134	0.0	Unknown
HXB2	135	0.0	Unknown
HXB2	136	0.0	Unknown
HXB2	137	0.0	Unknown
HXB2	138	0.0	Unknown
HXB2	139	0.0	Unknown
HXB2	140	0.0	Unknown
HXB2	141	0.0	Unknown
HXB2	142	0.0	Unknown
HXB2	143	0.0	Unknown
HXB2	144	0.0	Unknown
HXB2	145	0.0	Unknown
HXB2	146	0.0	Unknown
HXB2	147	0.0	Unknown
HXB2	148	0.0	Unknown
HXB2	149	0.0	Unknown
HXB2	150	0.0	Unknown
HXB2	151	0.0	Unknown
HXB2	152	0.0	Unknown
HXB2	153	0.0	Unknown
HXB2	154	0.0	Unknown
HXB2	155	0.0	Unknown
HXB2	156	0.0	Unknown
HXB2	157	0.0	Unknown
HXB2	158	0.0	Unknown
HXB2	159	0.0	Unknown
HXB2	160	0.0	Unknown
HXB2	161	0.0	Unknown
HXB2	162	0.0	Unknown
HXB2	163	0.0	Unknown
HXB2	164	0.0	Unknown
HXB2	165	0.0	Unknown
HXB2	166	0.0	Unknown
HXB2	167	0.0	Unknown
HXB2	168	0.0	Unknown
HXB2	169	0.0	Unknown
HXB2	170	0.0	Unknown
HXB2	171	0.0	Unknown
HXB2	172	0.0	Unknown
HXB2	173	0.0	Unknown
HXB2	174	0.0	Unknown
HXB2	175	0.0	Unknown
HXB2	176	0.0	Unknown
HXB2	177	0.0	Unknown
HXB2	178	0.0	Unknown
HXB2	179	0.0	Unknown
HXB2	180	0.0	Unknown
HXB2	181	0.0	Unknown
HXB2	182	0.0	Unknown
HXB2	183	0.0	Unknown
HXB2	184	0.0	Unknown
HXB2	185	0.0	Unknown
HXB2	186	0.0	Unknown
HXB2	187	0.0	Unknown
HXB2	188	0.0	Unknown
HXB2	189	0.0	Unknown
HXB2	190	0.0	Unknown
HXB2	191	0.0	Unknown
HXB2	192	0.0	Unknown
HXB2	193	0.0	Unknown
HXB2	194	0.0	Unknown
HXB2	195	0.0	Unknown
HXB2	196	0.0	Unknown
HXB2	197	0.0	Unknown
HXB2	198	0.0	Unknown
HXB2	199	0.0	Unknown
HXB2	200	0.0	Unknown
HXB2	201	0.0	Unknown
HXB2	202	0.0	Unknown
HXB2	203	0.0	Unknown
HXB2	204	0.0	Unknown
HXB2	205	0.0	Unknown
HXB2	206	0.0	Unknown
HXB2	207	0.0	Unknown
HXB2	208	0.0	Unknown
HXB2	209	0.0	Unknown
HXB2	210	0.0	Unknown
HXB2	211	0.0	Unknown
HXB2	212	0.0	Unknown
HXB2	213	0.0	Unknown
HXB2	214	0.0	Unknown
HXB2	215	0.0	Unknown
HXB2	216	0.0	Unknown
HXB2	217	0.0	Unknown
HXB2	218	0.0	Unknown
HXB2	219	0.0	Unknown
HXB2	220	0.0	Unknown
HXB2	221	0.0	Unknown
HXB2	222	0.0	Unknown
HXB2	223	0.0	Unknown
HXB2	224	0.0	Unknown
HXB2	225	0.0	Unknown
HXB2	226	0.0	Unknown
HXB2	227	0.0	Unknown
HXB2	228	0.0	Unknown
HXB2	229	0.0	Unknown
HXB2	230	0.0	Unknown
HXB2	231	0.0	Unknown
HXB2	232	0.0	Unknown
HXB2	233	0.0	Unknown
HXB2	234	0.0	Unknown
HXB2	235	0.0	Unknown
HXB2	236	0.0	Unknown
HXB2	237	0.0	Unknown
HXB2	238	0.0	Unknown
HXB2	239	0.0	Unknown
HXB2	240	0.0	Unknown
HXB2	241	0.0	Unknown
HXB2	242	0.0	Unknown
HXB2	243	0.0	Unknown
HXB2	244	0.0	Unknown
HXB2	245	0.0	Unknown
HXB2	246	0.0	Unknown
HXB2	247	0.0	Unknown
HXB2	248	0.0	Unknown
HXB2	249	0.0	Unknown
HXB2	250	0.0	Unknown
HXB2	251	0.0	Unknown
HXB2	252	0.0	Unknown
HXB2	253	0.0	Unknown
HXB2	254	0.0	Unknown
HXB2	255	0.0	Unknown
HXB2	256	0.0	Unknown
HXB2	257	0.0	Unknown
HXB2	258	0.0	Unknown
HXB2	259	0.0	Unknown
HXB2	260	0.0	Unknown
HXB2	261	0.0	Unknown
HXB2	262	176.0	Unknown
HXB2	263	1324.3333333333333	Unknown
HXB2	264	2599.0	Unknown
HXB2	265	2629.3333333333335	Unknown
HXB2	266	2648.3333333333335	Unknown
HXB2	267	2657.0	Unknown
HXB2	268	2668.3333333333335	Unknown
HXB2	269	2679.6666666666665	Unknown
HXB2	270	2685.3333333333335	Unknown
HXB2	271	2684.6666666666665	Unknown
HXB2	272	2682.0	Unknown
HXB2	273	2683.3333333333335	Unknown
HXB2	274	2684.0	Unknown
HXB2	275	2684.0	Unknown
HXB2	276	2684.0	Unknown
HXB2	277	2684.0	Unknown
HXB2	278	2689.3333333333335	Unknown
HXB2	279	2692.0	Unknown
HXB2	280	2692.0	Unknown
HXB2	281	2692.0	Unknown
HXB2	282	2692.3333333333335	Unknown
HXB2	283	2693.0	Unknown
HXB2	284	2693.0	Unknown
HXB2	285	2693.0	Unknown
HXB2	286	2697.6666666666665	Unknown
HXB2	287	2699.0	Unknown
HXB2	288	2702.6666666666665	Unknown
HXB2	289	2703.0	Unknown
HXB2	290	2703.0	Unknown
HXB2	291	2703.3333333333335	Unknown
HXB2	292	2704.0	Unknown
HXB2	293	2704.0	Unknown
HXB2	294	2705.6666666666665	Unknown
HXB2	295	2706.0	Unknown
HXB2	296	2706.0	Unknown
HXB2	297	2715.0	Unknown
HXB2	298	2716.3333333333335	Unknown
HXB2	299	2717.0	Unknown
HXB2	300	2717.0	Unknown
HXB2	301	2717.0	Unknown
HXB2	302	2717.0	Unknown
HXB2	303	2717.0	Unknown
HXB2	304	2716.3333333333335	Unknown
HXB2	305	2716.0	Unknown
HXB2	306	2716.0	Unknown
HXB2	307	2716.0	Unknown
HXB2	308	2716.0	Unknown
HXB2	309	2716.0	Unknown
HXB2	310	2716.0	Unknown
HXB2	311	2716.0	Unknown
HXB2	312	2716.0	Unknown
HXB2	313	2717.0	Unknown
HXB2	314	2718.6666666666665	Unknown
HXB2	315	2719.0	Unknown
HXB2	316	2719.0	Unknown
HXB2	317	2719.3333333333335	Unknown
HXB2	318	2721.0	Unknown
HXB2	319	2721.0	Unknown
HXB2	320	2721.0	Unknown
HXB2	321	2721.0	Unknown
HXB2	322	2721.0	Unknown
HXB2	323	2715.6666666666665	Unknown
HXB2	324	2705.0	Unknown
HXB2	325	2715.3333333333335	Unknown
HXB2	326	2721.3333333333335	Unknown
HXB2	327	2722.0	Unknown
HXB2	328	2723.0	Unknown
HXB2	329	2723.0	Unknown
HXB2	330	2724.0	Unknown
HXB2	331	2727.6666666666665	Unknown
HXB2	332	2731.3333333333335	Unknown
HXB2	333	2733.3333333333335	Unknown
HXB2	334	2681.0	Unknown
HXB2	335	2579.0	Unknown
HXB2	336	2579.0	Unknown
HXB2	337	2676.0	Unknown
HXB2	338	2820.0	Unknown
HXB2	339	2899.3333333333335	Unknown
HXB2	340	3016.0	Unknown
HXB2	341	3152.3333333333335	Unknown
HXB2	342	3165.3333333333335	Unknown
HXB2	343	3273.6666666666665	Unknown
HXB2	344	3416.6666666666665	Unknown
HXB2	345	3469.0	Unknown
HXB2	346	3501.3333333333335	Unknown
HXB2	347	3503.6666666666665	Unknown
HXB2	348	3509.0	Unknown
HXB2	349	3506.0	Unknown
HXB2	350	3462.0	Unknown
HXB2	351	1969.0	Unknown
HXB2	352	1219.3333333333333	Unknown
HXB2	353	1199.3333333333333	Unknown
HXB2	354	1194.6666666666667	Unknown
HXB2	355	1243.6666666666667	Unknown
HXB2	356	1229.0	Unknown
HXB2	357	1199.6666666666667	Unknown
HXB2	358	1878.0	Unknown
HXB2	359	2219.3333333333335	Unknown
HXB2	360	2233.0	Unknown
HXB2	361	2268.6666666666665	Unknown
HXB2	362	2253.6666666666665	Unknown
HXB2	363	2226.6666666666665	Unknown
HXB2	364	2236.0	Unknown
HXB2	365	2238.0	Unknown
HXB2	366	2238.0	Unknown
HXB2	367	2238.0	Unknown
HXB2	368	2238.0	Unknown
HXB2	369	2213.0	Unknown
HXB2	370	2213.0	Unknown
HXB2	371	2213.0	Unknown
HXB2	372	2213.0	Unknown
HXB2	373	2213.0	Unknown
HXB2	374	2211.3333333333335	Unknown
HXB2	375	2209.0	Unknown
HXB2	376	2209.0	Unknown
HXB2	377	2209.0	Unknown
HXB2	378	2208.3333333333335	Unknown
HXB2	379	2199.0	Unknown
HXB2	380	2133.6666666666665	Unknown
HXB2	381	2109.0	Unknown
HXB2	382	2109.0	Unknown
HXB2	383	2109.0	Unknown
HXB2	384	2109.0	Unknown
HXB2	385	2109.0	Unknown
HXB2	386	2109.0	Unknown
HXB2	387	2109.0	Unknown
HXB2	388	2109.0	Unknown
HXB2	389	2109.3333333333335	Unknown
HXB2	390	2294.3333333333335	Unknown
HXB2	391	2297.0	Unknown
HXB2	392	2299.3333333333335	Unknown
HXB2	393	2310.6666666666665	Unknown
HXB2	394	2311.0	Unknown
HXB2	395	2312.0	Unknown
HXB2	396	2314.6666666666665	Unknown
HXB2	397	2315.6666666666665	Unknown
HXB2	398	2316.0	Unknown
HXB2	399	2316.0	Unknown
HXB2	400	2316.0	Unknown
HXB2	401	2317.0	Unknown
HXB2	402	2318.3333333333335	Unknown
HXB2	403	2319.0	Unknown
HXB2	404	2319.0	Unknown
HXB2	405	2321.6666666666665	Unknown
HXB2	406	2324.0	Unknown
HXB2	407	2324.0	Unknown
HXB2	408	2324.0	Unknown
HXB2	409	2377.0	Unknown
HXB2	410	2714.3333333333335	Unknown
HXB2	411	4768.0	Unknown
HXB2	412	4798.333333333333	Unknown
HXB2	413	4815.0	Unknown
HXB2	414	4817.666666666667	Unknown
HXB2	415	4823.333333333333	Unknown
HXB2	416	4833.333333333333	Unknown
HXB2	417	4839.333333333333	Unknown
HXB2	418	4847.333333333333	Unknown
HXB2	419	4853.333333333333	Unknown
HXB2	420	4853.666666666667	Unknown
HXB2	421	4856.333333333333	Unknown
HXB2	422	4863.666666666667	Unknown
HXB2	423	4866.333333333333	Unknown
HXB2	424	4868.333333333333	Unknown
HXB2	425	4870.0	Unknown
HXB2	426	4871.0	Unknown
HXB2	427	4871.333333333333	Unknown
HXB2	428	4871.333333333333	Unknown
HXB2	429	4864.333333333333	Unknown
HXB2	430	4806.0	Unknown
HXB2	431	4787.333333333333	Unknown
HXB2	432	4786.333333333333	Unknown
HXB2	433	4783.0	Unknown
HXB2	434	4760.333333333333	Unknown
HXB2	435	2728.6666666666665	Unknown
HXB2	436	2578.0	Unknown
HXB2	437	2572.0	Unknown
HXB2	438	2572.0	Unknown
HXB2	439	2572.0	Unknown
HXB2	440	2572.0	Unknown
HXB2	441	2572.0	Unknown
HXB2	442	2572.0	Unknown
HXB2	443	2572.0	Unknown
HXB2	444	2572.0	Unknown
HXB2	445	2572.0	Unknown
HXB2	446	2572.0	Unknown
HXB2	447	2572.0	Unknown
HXB2	448	2572.0	Unknown
HXB2	449	2572.0	Unknown
HXB2	450	2572.0	Unknown
HXB2	451	2572.0	Unknown
HXB2	452	2572.0	Unknown
HXB2	453	2572.0	Unknown
HXB2	454	2572.0	Unknown
HXB2	455	2572.0	Unknown
HXB2	456	2572.0	Unknown
HXB2	457	2572.0	Unknown
HXB2	458	2573.0	Unknown
HXB2	459	2573.0	Unknown
HXB2	460	2573.0	Unknown
HXB2	461	2573.0	Unknown
HXB2	462	2577.0	Unknown
HXB2	463	2581.3333333333335	Unknown
HXB2	464	2583.0	Unknown
HXB2	465	2584.0	Unknown
HXB2	466	2584.0	Unknown
HXB2	467	2584.3333333333335	Unknown
HXB2	468	2585.0	Unknown
HXB2	469	2585.3333333333335	Unknown
HXB2	470	2585.0	Unknown
HXB2	471	2587.3333333333335	Unknown
HXB2	472	2589.3333333333335	Unknown
HXB2	473	2593.6666666666665	Unknown
HXB2	474	2594.0	Unknown
HXB2	475	2591.0	Unknown
HXB2	476	2588.3333333333335	Unknown
HXB2	477	2583.0	Unknown
HXB2	478	2583.0	Unknown
HXB2	479	2583.0	Unknown
HXB2	480	2585.0	Unknown
HXB2	481	2586.0	Unknown
HXB2	482	2588.0	Unknown
HXB2	483	2584.3333333333335	Unknown
HXB2	484	2574.0	Unknown
HXB2	485	2567.3333333333335	Unknown
HXB2	486	2554.0	Unknown
HXB2	487	2557.0	Unknown
HXB2	488	2557.0	Unknown
HXB2	1	2556.6666666666665	PR
HXB2	2	2554.6666666666665	PR
HXB2	3	2552.0	PR
HXB2	4	2550.6666666666665	PR
HXB2	5	2542.0	PR
HXB2	6	2531.6666666666665	PR
HXB2	7	2522.0	PR
HXB2	8	2489.6666666666665	PR
HXB2	9	2448.6666666666665	PR
HXB2	10	2437.3333333333335	PR
HXB2	11	2430.3333333333335	PR
HXB2	12	2411.6666666666665	PR
HXB2	13	2380.0	PR
HXB2	14	2341.0	PR
HXB2	15	2289.6666666666665	PR
HXB2	16	2215.3333333333335	PR
HXB2	17	2154.6666666666665	PR
HXB2	18	2033.0	PR
HXB2	19	1856.6666666666667	PR
HXB2	20	1638.0	PR
HXB2	21	1417.6666666666667	PR
HXB2	22	35.666666666666664	PR
HXB2	23	35.333333333333336	PR
HXB2	24	84.66666666666667	PR
HXB2	25	171.0	PR
HXB2	26	171.0	PR
HXB2	27	187.33333333333334	PR
HXB2	28	211.0	PR
HXB2	29	211.66666666666666	PR
HXB2	30	212.0	PR
HXB2	31	241.66666666666666	PR
HXB2	32	395.0	PR
HXB2	33	505.0	PR
HXB2	34	668.0	PR
HXB2	35	728.6666666666666	PR
HXB2	36	1110.0	PR
HXB2	37	1739.3333333333333	PR
HXB2	38	1979.6666666666667	PR
HXB2	39	2073.3333333333335	PR
HXB2	40	2115.0	PR
HXB2	41	2155.6666666666665	PR
HXB2	42	2222.6666666666665	PR
HXB2	43	2342.6666666666665	PR
HXB2	44	2456.0	PR
HXB2	45	2490.0	PR
HXB2	46	2490.3333333333335	PR
HXB2	47	2491.0	PR
HXB2	48	2492.6666666666665	PR
HXB2	49	2493.0	PR
HXB2	50	2493.0	PR
HXB2	51	2493.6666666666665	PR
HXB2	52	2494.0	PR
HXB2	53	2494.0	PR
HXB2	54	2494.0	PR
HXB2	55	2494.0	PR
HXB2	56	2494.0	PR
HXB2	57	2494.0	PR
HXB2	58	2494.0	PR
HXB2	59	2494.0	PR
HXB2	60	2494.0	PR
HXB2	61	2483.0	PR
HXB2	62	2460.6666666666665	PR
HXB2	63	2461.0	PR
HXB2	64	2461.0	PR
HXB2	65	2461.0	PR
HXB2	66	2461.0	PR
HXB2	67	2461.0	PR
HXB2	68	2461.0	PR
HXB2	69	2461.0	PR
HXB2	70	2460.6666666666665	PR
HXB2	71	2461.0	PR
HXB2	72	2461.0	PR
HXB2	73	2461.0	PR
HXB2	74	2461.0	PR
HXB2	75	2461.0	PR
HXB2	76	2461.0	PR
HXB2	77	2461.0	PR
HXB2	78	2461.0	PR
HXB2	79	2461.0	PR
HXB2	80	2461.0	PR
HXB2	81	2461.0	PR
HXB2	82	2461.0	PR
HXB2	83	2461.3333333333335	PR
HXB2	84	2462.0	PR
HXB2	85	2462.0	PR
HXB2	86	2462.0	PR
HXB2	87	2462.3333333333335	PR
HXB2	88	2463.3333333333335	PR
HXB2	89	2464.0	PR
HXB2	90	2464.0	PR
HXB2	91	2464.0	PR
HXB2	92	2464.0	PR
HXB2	93	2464.0	PR
HXB2	94	2464.0	PR
HXB2	95	2464.0	PR
HXB2	96	2464.0	PR
HXB2	97	2465.0	PR
HXB2	98	2465.0	PR
HXB2	99	2465.0	PR
HXB2	1	2465.0	RT
HXB2	2	2465.0	RT
HXB2	3	2465.0	RT
HXB2	4	2465.0	RT
HXB2	5	2465.0	RT
HXB2	6	2465.0	RT
HXB2	7	2464.0	RT
HXB2	8	2463.3333333333335	RT
HXB2	9	2461.6666666666665	RT
HXB2	10	2459.3333333333335	RT
HXB2	11	2425.0	RT
HXB2	12	2424.0	RT
HXB2	13	2388.3333333333335	RT
HXB2	14	2387.6666666666665	RT
HXB2	15	2381.3333333333335	RT
HXB2	16	2313.3333333333335	RT
HXB2	17	2308.3333333333335	RT
HXB2	18	1748.3333333333333	RT
HXB2	19	655.0	RT
HXB2	20	473.0	RT
HXB2	21	38.333333333333336	RT
HXB2	22	6.666666666666667	RT
HXB2	23	6.0	RT
HXB2	24	6.0	RT
HXB2	25	6.0	RT
HXB2	26	6.0	RT
HXB2	27	6.0	RT
HXB2	28	6.0	RT
HXB2	29	6.0	RT
HXB2	30	6.0	RT
HXB2	31	6.0	RT
HXB2	32	6.0	RT
HXB2	33	6.0	RT
HXB2	34	6.0	RT
HXB2	35	6.0	RT
HXB2	36	6.0	RT
HXB2	37	6.0	RT
HXB2	38	4.666666666666667	RT
HXB2	39	4.0	RT
HXB2	40	4.0	RT
HXB2	41	4.0	RT
HXB2	42	4.0	RT
HXB2	43	4.0	RT
HXB2	44	4.0	RT
HXB2	45	4.0	RT
HXB2	46	3.0	RT
HXB2	47	3.0	RT
HXB2	48	3.0	RT
HXB2	49	3.0	RT
HXB2	50	3.0	RT
HXB2	51	3.0	RT
HXB2	52	3.0	RT
HXB2	53	3.0	RT
HXB2	54	3.0	RT
HXB2	55	3.0	RT
HXB2	56	3.0	RT
HXB2	57	3.0	RT
HXB2	58	3.0	RT
HXB2	59	3.0	RT
HXB2	60	0.0	RT
HXB2	61	0.0	RT
HXB2	62	0.0	RT
HXB2	63	0.0	RT
HXB2	64	0.0	RT
HXB2	65	0.0	RT
HXB2	66	0.0	RT
HXB2	67	0.0	RT
HXB2	68	0.0	RT
HXB2	69	0.0	RT
HXB2	70	0.0	RT
HXB2	71	0.0	RT
HXB2	72	0.0	RT
HXB2	73	0.0	RT
HXB2	74	0.0	RT
HXB2	75	0.0	RT
HXB2	76	0.0	RT
HXB2	77	0.0	RT
HXB2	78	0.0	RT
HXB2	79	0.0	RT
HXB2	80	0.0	RT
HXB2	81	0.0	RT
HXB2	82	0.0	RT
HXB2	83	0.0	RT
HXB2	84	0.0	RT
HXB2	85	0.0	RT
HXB2	86	0.0	RT
HXB2	87	0.0	RT
HXB2	88	0.0	RT
HXB2	89	0.0	RT
HXB2	90	0.0	RT
HXB2	91	0.0	RT
HXB2	92	0.0	RT
HXB2	93	0.0	RT
HXB2	94	0.0	RT
HXB2	95	0.0	RT
HXB2	96	0.0	RT
HXB2	97	0.0	RT
HXB2	98	0.0	RT
HXB2	99	0.0	RT
HXB2	100	0.0	RT
HXB2	101	0.0	RT
HXB2	102	0.0	RT
HXB2	103	0.0	RT
HXB2	104	0.0	RT
HXB2	105	0.0	RT
HXB2	106	0.0	RT
HXB2	107	0.0	RT
HXB2	108	0.0	RT
HXB2	109	0.0	RT
HXB2	110	0.0	RT
HXB2	111	0.0	RT
HXB2	112	0.0	RT
HXB2	113	0.0	RT
HXB2	114	0.0	RT
HXB2	115	0.0	RT
HXB2	116	0.0	RT
HXB2	117	0.0	RT
HXB2	118	0.0	RT
HXB2	119	0.0	RT
HXB2	120	0.0	RT
HXB2	121	0.0	RT
HXB2	122	0.0	RT
HXB2	123	0.0	RT
HXB2	124	0.0	RT
HXB2	125	0.0	RT
HXB2	126	0.0	RT
HXB2	127	0.0	RT
HXB2	128	0.0	RT
HXB2	129	0.0	RT
HXB2	130	0.0	RT
HXB2	131	0.0	RT
HXB2	132	0.0	RT
HXB2	133	0.0	RT
HXB2	134	0.0	RT
HXB2	135	0.0	RT
HXB2	136	0.0	RT
HXB2	137	0.0	RT
HXB2	138	0.0	RT
HXB2	139	0.0	RT
HXB2	140	0.0	RT
HXB2	141	0.0	RT
HXB2	142	0.0	RT
HXB2	143	0.0	RT
HXB2	144	0.0	RT
HXB2	145	0.0	RT
HXB2	146	0.0	RT
HXB2	147	0.0	RT
HXB2	148	0.0	RT
HXB2	149	0.0	RT
HXB2	150	0.0	RT
HXB2	151	0.0	RT
HXB2	152	0.0	RT
HXB2	153	0.0	RT
HXB2	154	0.0	RT
HXB2	155	0.0	RT
HXB2	156	0.0	RT
HXB2	157	0.0	RT
HXB2	158	0.0	RT
HXB2	159	0.0	RT
HXB2	160	0.0	RT
HXB2	161	0.0	RT
HXB2	162	0.0	RT
HXB2	163	0.0	RT
HXB2	164	0.0	RT
HXB2	165	0.0	RT
HXB2	166	0.0	RT
HXB2	167	31.0	RT
HXB2	168	31.0	RT
HXB2	169	31.0	RT
HXB2	170	31.0	RT
HXB2	171	31.0	RT
HXB2	172	31.0	RT
HXB2	173	31.0	RT
HXB2	174	31.0	RT
HXB2	175	31.0	RT
HXB2	176	31.0	RT
HXB2	177	31.0	RT
HXB2	178	31.0	RT
HXB2	179	31.0	RT
HXB2	180	31.0	RT
HXB2	181	31.0	RT
HXB2	182	31.0	RT
HXB2	183	31.0	RT
HXB2	184	31.0	RT
HXB2	185	31.0	RT
HXB2	186	31.0	RT
HXB2	187	31.0	RT
HXB2	188	31.0	RT
HXB2	189	31.0	RT
HXB2	190	31.0	RT
HXB2	191	31.0	RT
HXB2	192	31.0	RT
HXB2	193	31.0	RT
HXB2	194	31.0	RT
HXB2	195	31.0	RT
HXB2	196	31.0	RT
HXB2	197	34.0	RT
HXB2	198	37.333333333333336	RT
HXB2	199	40.0	RT
HXB2	200	41.666666666666664	RT
HXB2	201	44.666666666666664	RT
HXB2	202	46.666666666666664	RT
HXB2	203	48.333333333333336	RT
HXB2	204	49.0	RT
HXB2	205	50.333333333333336	RT
HXB2	206	52.333333333333336	RT
HXB2	207	54.333333333333336	RT
HXB2	208	56.0	RT
HXB2	209	56.0	RT
HXB2	210	56.0	RT
HXB2	211	58.0	RT
HXB2	212	58.0	RT
HXB2	213	58.0	RT
HXB2	214	59.0	RT
HXB2	215	60.666666666666664	RT
HXB2	216	62.0	RT
HXB2	217	62.0	RT
HXB2	218	62.0	RT
HXB2	219	61.333333333333336	RT
HXB2	220	61.0	RT
HXB2	221	61.0	RT
HXB2	222	61.0	RT
HXB2	223	61.0	RT
HXB2	224	60.0	RT
HXB2	225	32.666666666666664	RT
HXB2	226	32.0	RT
HXB2	227	32.0	RT
HXB2	228	32.0	RT
HXB2	229	32.0	RT
HXB2	230	32.0	RT
HXB2	231	32.0	RT
HXB2	232	32.0	RT
HXB2	233	32.0	RT
HXB2	234	32.0	RT
HXB2	235	32.0	RT
HXB2	236	32.0	RT
HXB2	237	32.0	RT
HXB2	238	31.666666666666668	RT
HXB2	239	31.0	RT
HXB2	240	31.0	RT
HXB2	241	31.0	RT
HXB2	242	31.0	RT
HXB2	243	31.0	RT
HXB2	244	31.0	RT
HXB2	245	31.0	RT
HXB2	246	31.0	RT
HXB2	247	31.0	RT
HXB2	248	31.0	RT
HXB2	249	31.0	RT
HXB2	250	31.0	RT
HXB2	251	31.0	RT
HXB2	252	31.0	RT
HXB2	253	31.0	RT
HXB2	254	31.0	RT
HXB2	255	31.0	RT
HXB2	256	31.0	RT
HXB2	257	31.0	RT
HXB2	258	31.0	RT
HXB2	259	31.0	RT
HXB2	260	31.0	RT
HXB2	261	31.0	RT
HXB2	262	31.0	RT
HXB2	263	31.0	RT
HXB2	264	31.0	RT
HXB2	265	31.0	RT
HXB2	266	31.0	RT
HXB2	267	31.0	RT
HXB2	268	860.3333333333334	RT
HXB2	269	11089.0	RT
HXB2	270	26133.666666666668	RT
HXB2	271	26344.0	RT
HXB2	272	26479.666666666668	RT
HXB2	273	26512.666666666668	RT
HXB2	274	26539.333333333332	RT
HXB2	275	26603.333333333332	RT
HXB2	276	26634.666666666668	RT
HXB2	277	26649.666666666668	RT
HXB2	278	26655.0	RT
HXB2	279	26639.333333333332	RT
HXB2	280	26635.333333333332	RT
HXB2	281	26641.333333333332	RT
HXB2	282	26646.0	RT
HXB2	283	26653.666666666668	RT
HXB2	284	26667.0	RT
HXB2	285	26680.666666666668	RT
HXB2	286	26683.0	RT
HXB2	287	26686.333333333332	RT
HXB2	288	26688.666666666668	RT
HXB2	289	26697.666666666668	RT
HXB2	290	26725.333333333332	RT
HXB2	291	26737.0	RT
HXB2	292	26725.333333333332	RT
HXB2	293	26718.666666666668	RT
HXB2	294	26717.333333333332	RT
HXB2	295	26716.0	RT
HXB2	296	26716.0	RT
HXB2	297	26715.333333333332	RT
HXB2	298	26715.0	RT
HXB2	299	26716.0	RT
HXB2	300	26717.0	RT
HXB2	301	26717.0	RT
HXB2	302	26720.333333333332	RT
HXB2	303	26734.666666666668	RT
HXB2	304	26741.0	RT
HXB2	305	26741.666666666668	RT
HXB2	306	26742.0	RT
HXB2	307	26742.0	RT
HXB2	308	26743.333333333332	RT
HXB2	309	26744.0	RT
HXB2	310	26744.0	RT
HXB2	311	26744.0	RT
HXB2	312	26744.0	RT
HXB2	313	26745.666666666668	RT
HXB2	314	26758.666666666668	RT
HXB2	315	26780.666666666668	RT
HXB2	316	26794.0	RT
HXB2	317	26815.333333333332	RT
HXB2	318	26833.666666666668	RT
HXB2	319	26835.666666666668	RT
HXB2	320	26839.333333333332	RT
HXB2	321	26848.333333333332	RT
HXB2	322	26858.666666666668	RT
HXB2	323	26865.0	RT
HXB2	324	26877.333333333332	RT
HXB2	325	26882.333333333332	RT
HXB2	326	26885.0	RT
HXB2	327	26898.333333333332	RT
HXB2	328	26906.333333333332	RT
HXB2	329	26953.666666666668	RT
HXB2	330	26990.666666666668	RT
HXB2	331	28792.333333333332	RT
HXB2	332	30520.666666666668	RT
HXB2	333	32018.666666666668	RT
HXB2	334	34348.666666666664	RT
HXB2	335	36940.0	RT
HXB2	336	38261.0	RT
HXB2	337	39516.0	RT
HXB2	338	40509.0	RT
HXB2	339	41412.666666666664	RT
HXB2	340	42777.0	RT
HXB2	341	43350.666666666664	RT
HXB2	342	44117.333333333336	RT
HXB2	343	47154.333333333336	RT
HXB2	344	48653.666666666664	RT
HXB2	345	49643.333333333336	RT
HXB2	346	50051.0	RT
HXB2	347	50392.666666666664	RT
HXB2	348	50646.333333333336	RT
HXB2	349	50803.0	RT
HXB2	350	51939.666666666664	RT
HXB2	351	52700.666666666664	RT
HXB2	352	52752.333333333336	RT
HXB2	353	52751.333333333336	RT
HXB2	354	52713.666666666664	RT
HXB2	355	52633.333333333336	RT
HXB2	356	52460.333333333336	RT
HXB2	357	52281.0	RT
HXB2	358	52111.0	RT
HXB2	359	51303.0	RT
HXB2	360	51126.333333333336	RT
HXB2	361	50901.0	RT
HXB2	362	50355.666666666664	RT
HXB2	363	49911.0	RT
HXB2	364	49236.666666666664	RT
HXB2	365	47565.333333333336	RT
HXB2	366	46387.0	RT
HXB2	367	44608.0	RT
HXB2	368	33340.333333333336	RT
HXB2	369	26422.666666666668	RT
HXB2	370	26375.666666666668	RT
HXB2	371	26365.0	RT
HXB2	372	26360.333333333332	RT
HXB2	373	26358.0	RT
HXB2	374	26359.0	RT
HXB2	375	26362.333333333332	RT
HXB2	376	26363.0	RT
HXB2	377	26363.0	RT
HXB2	378	26363.0	RT
HXB2	379	26364.0	RT
HXB2	380	26364.0	RT
HXB2	381	26364.0	RT
HXB2	382	26365.0	RT
HXB2	383	26366.0	RT
HXB2	384	26367.666666666668	RT
HXB2	385	26369.333333333332	RT
HXB2	386	26373.333333333332	RT
HXB2	387	26376.333333333332	RT
HXB2	388	26380.666666666668	RT
HXB2	389	26860.0	RT
HXB2	390	33712.333333333336	RT
HXB2	391	43980.0	RT
HXB2	392	44143.666666666664	RT
HXB2	393	44313.333333333336	RT
HXB2	394	44414.333333333336	RT
HXB2	395	44452.333333333336	RT
HXB2	396	44492.0	RT
HXB2	397	44497.333333333336	RT
HXB2	398	44484.333333333336	RT
HXB2	399	44490.0	RT
HXB2	400	44408.666666666664	RT
HXB2	401	44289.333333333336	RT
HXB2	402	44294.0	RT
HXB2	403	44297.666666666664	RT
HXB2	404	44299.333333333336	RT
HXB2	405	44301.333333333336	RT
HXB2	406	44302.0	RT
HXB2	407	44302.666666666664	RT
HXB2	408	44302.333333333336	RT
HXB2	409	44306.333333333336	RT
HXB2	410	44308.666666666664	RT
HXB2	411	44308.666666666664	RT
HXB2	412	44307.333333333336	RT
HXB2	413	44307.333333333336	RT
HXB2	414	44306.666666666664	RT
HXB2	415	44304.333333333336	RT
HXB2	416	44303.666666666664	RT
HXB2	417	44340.333333333336	RT
HXB2	418	44351.333333333336	RT
HXB2	419	44342.0	RT
HXB2	420	44329.333333333336	RT
HXB2	421	44285.0	RT
HXB2	422	44159.333333333336	RT
HXB2	423	43898.666666666664	RT
HXB2	424	43273.666666666664	RT
HXB2	425	43214.0	RT
HXB2	426	22218.666666666668	RT
HXB2	427	18305.0	RT
HXB2	428	18223.666666666668	RT
HXB2	429	18204.0	RT
HXB2	430	18203.0	RT
HXB2	431	18203.0	RT
HXB2	432	18203.0	RT
HXB2	433	18203.0	RT
HXB2	434	18203.0	RT
HXB2	435	18203.0	RT
HXB2	436	18203.333333333332	RT
HXB2	437	18204.0	RT
HXB2	438	18204.0	RT
HXB2	439	18204.0	RT
HXB2	440	18204.0	RT
HXB2	1028	18204.0	Unknown
HXB2	1029	18204.666666666668	Unknown
HXB2	1030	18205.0	Unknown
HXB2	1031	18205.0	Unknown
HXB2	1032	18205.0	Unknown
HXB2	1033	18205.0	Unknown
HXB2	1034	18205.0	Unknown
HXB2	1035	18205.0	Unknown
HXB2	1036	18205.0	Unknown
HXB2	1037	18205.0	Unknown
HXB2	1038	18205.0	Unknown
HXB2	1039	18205.0	Unknown
HXB2	1040	18204.666666666668	Unknown
HXB2	1041	18205.0	Unknown
HXB2	1042	18187.0	Unknown
HXB2	1043	18187.0	Unknown
HXB2	1044	18187.0	Unknown
HXB2	1045	18187.0	Unknown
HXB2	1046	18185.333333333332	Unknown
HXB2	1047	18144.333333333332	Unknown
HXB2	1048	18153.0	Unknown
HXB2	1049	18143.0	Unknown
HXB2	1050	18144.0	Unknown
HXB2	1051	18123.666666666668	Unknown
HXB2	1052	18084.0	Unknown
HXB2	1053	16706.0	Unknown
HXB2	1054	16702.666666666668	Unknown
HXB2	1055	16655.666666666668	Unknown
HXB2	1056	16656.333333333332	Unknown
HXB2	1057	16657.666666666668	Unknown
HXB2	1058	16647.0	Unknown
HXB2	1059	16641.0	Unknown
HXB2	1060	16674.333333333332	Unknown
HXB2	1061	17069.0	Unknown
HXB2	1062	17096.333333333332	Unknown
HXB2	1063	17117.666666666668	Unknown
HXB2	1064	17150.666666666668	Unknown
HXB2	1065	17149.333333333332	Unknown
HXB2	1066	17135.333333333332	Unknown
HXB2	1067	16998.333333333332	Unknown
HXB2	1068	16830.666666666668	Unknown
HXB2	1069	16478.666666666668	Unknown
HXB2	1070	16143.0	Unknown
HXB2	1071	15254.0	Unknown
HXB2	1072	14363.666666666666	Unknown
HXB2	1073	13123.333333333334	Unknown
HXB2	1074	11672.0	Unknown
HXB2	1075	8179.333333333333	Unknown
HXB2	1076	4210.0	Unknown
HXB2	1077	977.3333333333334	Unknown
HXB2	1078	2168.6666666666665	Unknown
HXB2	1079	3086.6666666666665	Unknown
HXB2	1080	4075.3333333333335	Unknown
HXB2	1081	5043.0	Unknown
HXB2	1082	5353.666666666667	Unknown
HXB2	1083	5692.333333333333	Unknown
HXB2	1084	6616.666666666667	Unknown
HXB2	1085	7852.0	Unknown
HXB2	1086	9529.0	Unknown
HXB2	1087	10525.333333333334	Unknown
HXB2	1088	11642.333333333334	Unknown
HXB2	1089	12617.333333333334	Unknown
HXB2	1090	13271.666666666666	Unknown
HXB2	1091	13803.666666666666	Unknown
HXB2	1092	14231.333333333334	Unknown
HXB2	1093	14605.666666666666	Unknown
HXB2	1094	14656.0	Unknown
HXB2	1095	15759.666666666666	Unknown
HXB2	1096	16590.0	Unknown
HXB2	1097	17540.333333333332	Unknown
HXB2	1098	17672.0	Unknown
HXB2	1099	17677.0	Unknown
HXB2	1100	17722.333333333332	Unknown
HXB2	1101	17746.666666666668	Unknown
HXB2	1102	17755.666666666668	Unknown
HXB2	1103	17764.0	Unknown
HXB2	1104	17782.333333333332	Unknown
HXB2	1105	17796.0	Unknown
HXB2	1106	17825.666666666668	Unknown
HXB2	1107	17849.0	Unknown
HXB2	1108	17860.0	Unknown
HXB2	1109	17873.0	Unknown
HXB2	1110	17887.666666666668	Unknown
HXB2	1111	17898.333333333332	Unknown
HXB2	1112	17902.0	Unknown
HXB2	1113	17903.333333333332	Unknown
HXB2	1114	17905.666666666668	Unknown
HXB2	1115	17918.0	Unknown
HXB2	1116	17929.0	Unknown
HXB2	1117	17931.0	Unknown
HXB2	1118	17931.0	Unknown
HXB2	1119	17931.0	Unknown
HXB2	1120	17931.666666666668	Unknown
HXB2	1121	17935.333333333332	Unknown
HXB2	1122	17939.333333333332	Unknown
HXB2	1123	17944.0	Unknown
HXB2	1124	17947.0	Unknown
HXB2	1125	17948.333333333332	Unknown
HXB2	1126	17948.666666666668	Unknown
HXB2	1127	17947.666666666668	Unknown
HXB2	1128	17891.666666666668	Unknown
HXB2	1129	17865.0	Unknown
HXB2	1130	17865.0	Unknown
HXB2	1131	17865.0	Unknown
HXB2	1132	17777.0	Unknown
HXB2	1133	17777.0	Unknown
HXB2	1134	17362.0	Unknown
HXB2	1135	17362.666666666668	Unknown
HXB2	1136	17368.333333333332	Unknown
HXB2	1137	17369.0	Unknown
HXB2	1138	17369.0	Unknown
HXB2	1139	17370.0	Unknown
HXB2	1140	17370.0	Unknown
HXB2	1141	17366.0	Unknown
HXB2	1142	17367.0	Unknown
HXB2	1143	17369.0	Unknown
HXB2	1144	17369.0	Unknown
HXB2	1145	17369.0	Unknown
HXB2	1146	17369.666666666668	Unknown
HXB2	1147	17370.0	Unknown
HXB2	1	17370.0	IN
HXB2	2	17334.333333333332	IN
HXB2	3	17313.0	IN
HXB2	4	17313.0	IN
HXB2	5	17313.333333333332	IN
HXB2	6	17315.0	IN
HXB2	7	17316.0	IN
HXB2	8	17316.0	IN
HXB2	9	17316.0	IN
HXB2	10	17278.0	IN
HXB2	11	17278.666666666668	IN
HXB2	12	17278.0	IN
HXB2	13	17278.0	IN
HXB2	14	17276.666666666668	IN
HXB2	15	17271.666666666668	IN
HXB2	16	17268.666666666668	IN
HXB2	17	17265.333333333332	IN
HXB2	18	17257.666666666668	IN
HXB2	19	17252.0	IN
HXB2	20	17237.666666666668	IN
HXB2	21	17197.0	IN
HXB2	22	17136.333333333332	IN
HXB2	23	17044.666666666668	IN
HXB2	24	16778.0	IN
HXB2	25	7762.666666666667	IN
HXB2	26	448.6666666666667	IN
HXB2	27	291.6666666666667	IN
HXB2	28	282.3333333333333	IN
HXB2	29	281.3333333333333	IN
HXB2	30	281.0	IN
HXB2	31	281.0	IN
HXB2	32	281.0	IN
HXB2	33	281.0	IN
HXB2	34	280.3333333333333	IN
HXB2	35	278.0	IN
HXB2	36	121.0	IN
HXB2	37	43.0	IN
HXB2	38	43.0	IN
HXB2	39	43.0	IN
HXB2	40	43.0	IN
HXB2	41	43.0	IN
HXB2	42	43.0	IN
HXB2	43	43.0	IN
HXB2	44	42.0	IN
HXB2	45	41.0	IN
HXB2	46	41.0	IN
HXB2	47	24.0	IN
HXB2	48	24.0	IN
HXB2	49	24.0	IN
HXB2	50	24.0	IN
HXB2	51	24.0	IN
HXB2	52	24.0	IN
HXB2	53	24.0	IN
HXB2	54	24.0	IN
HXB2	55	24.0	IN
HXB2	56	24.0	IN
HXB2	57	24.0	IN
HXB2	58	17.666666666666668	IN
HXB2	59	5.0	IN
HXB2	60	5.0	IN
HXB2	61	5.0	IN
HXB2	62	5.0	IN
HXB2	63	5.0	IN
HXB2	64	5.0	IN
HXB2	65	5.0	IN
HXB2	66	5.0	IN
HXB2	67	5.0	IN
HXB2	68	5.0	IN
HXB2	69	5.0	IN
HXB2	70	5.0	IN
HXB2	71	5.0	IN
HXB2	72	5.0	IN
HXB2	73	5.0	IN
HXB2	74	5.0	IN
HXB2	75	5.0	IN
HXB2	76	5.0	IN
HXB2	77	5.0	IN
HXB2	78	0.0	IN
HXB2	79	0.0	IN
HXB2	80	0.0	IN
HXB2	81	0.0	IN
HXB2	82	0.0	IN
HXB2	83	0.0	IN
HXB2	84	0.0	IN
HXB2	85	1.0	IN
HXB2	86	1.0	IN
HXB2	87	1.0	IN
HXB2	88	1.0	IN
HXB2	89	1.0	IN
HXB2	90	1.0	IN
HXB2	91	1.0	IN
HXB2	92	1.0	IN
HXB2	93	1.0	IN
HXB2	94	1.0	IN
HXB2	95	1.0	IN
HXB2	96	1.0	IN
HXB2	97	1.0	IN
HXB2	98	1.0	IN
HXB2	99	1.0	IN
HXB2	100	1.0	IN
HXB2	101	1.0	IN
HXB2	102	1.0	IN
HXB2	103	1.0	IN
HXB2	104	1.0	IN
HXB2	105	1.0	IN
HXB2	106	1.0	IN
HXB2	107	1.0	IN
HXB2	108	1.0	IN
HXB2	109	1.0	IN
HXB2	110	1.0	IN
HXB2	111	1.0	IN
HXB2	112	1.0	IN
HXB2	113	1.0	IN
HXB2	114	1.0	IN
HXB2	115	1.0	IN
HXB2	116	1.0	IN
HXB2	117	1.0	IN
HXB2	118	1.0	IN
HXB2	119	1.0	IN
HXB2	120	1.0	IN
HXB2	121	1.0	IN
HXB2	122	1.0	IN
HXB2	123	1.0	IN
HXB2	124	1.0	IN
HXB2	125	1.0	IN
HXB2	126	1.0	IN
HXB2	127	1.0	IN
HXB2	128	1.0	IN
HXB2	129	1.0	IN
HXB2	130	1.0	IN
HXB2	131	1.0	IN
HXB2	132	1.0	IN
HXB2	133	1.0	IN
HXB2	134	1.0	IN
HXB2	135	1.0	IN
HXB2	136	1.0	IN
HXB2	137	1.0	IN
HXB2	138	1.0	IN
HXB2	139	1.0	IN
HXB2	140	1.0	IN
HXB2	141	1.0	IN
HXB2	142	1.0	IN
HXB2	143	1.0	IN
HXB2	144	1.0	IN
HXB2	145	1.0	IN
HXB2	146	1.0	IN
HXB2	147	0.0	IN
HXB2	148	0.0	IN
HXB2	149	0.0	IN
HXB2	150	0.0	IN
HXB2	151	0.0	IN
HXB2	152	0.0	IN
HXB2	153	0.0	IN
HXB2	154	0.0	IN
HXB2	155	0.0	IN
HXB2	156	0.0	IN
HXB2	157	0.0	IN
HXB2	158	0.0	IN
HXB2	159	0.0	IN
HXB2	160	0.0	IN
HXB2	161	0.0	IN
HXB2	162	0.0	IN
HXB2	163	0.0	IN
HXB2	164	0.0	IN
HXB2	165	0.0	IN
HXB2	166	0.0	IN
HXB2	167	0.0	IN
HXB2	168	0.0	IN
HXB2	169	0.0	IN
HXB2	170	0.0	IN
HXB2	171	0.0	IN
HXB2	172	0.0	IN
HXB2	173	0.0	IN
HXB2	174	0.0	IN
HXB2	175	0.0	IN
HXB2	176	0.0	IN
HXB2	177	0.0	IN
HXB2	178	0.0	IN
HXB2	179	0.0	IN
HXB2	180	0.0	IN
HXB2	181	0.0	IN
HXB2	182	0.0	IN
HXB2	183	0.0	IN
HXB2	184	0.0	IN
HXB2	185	0.0	IN
HXB2	186	0.0	IN
HXB2	187	0.0	IN
HXB2	188	0.0	IN
HXB2	189	0.0	IN
HXB2	190	0.0	IN
HXB2	191	0.0	IN
HXB2	192	0.0	IN
HXB2	193	0.0	IN
HXB2	194	0.0	IN
HXB2	195	0.0	IN
HXB2	196	0.0	IN
HXB2	197	0.0	IN
HXB2	198	0.0	IN
HXB2	199	0.0	IN
HXB2	200	0.0	IN
HXB2	201	0.0	IN
HXB2	202	0.0	IN
HXB2	203	0.0	IN
HXB2	204	0.0	IN
HXB2	205	0.0	IN
HXB2	206	0.0	IN
HXB2	207	0.0	IN
HXB2	208	0.0	IN
HXB2	209	0.0	IN
HXB2	210	0.0	IN
HXB2	211	0.0	IN
HXB2	212	0.0	IN
HXB2	213	0.0	IN
HXB2	214	0.0	IN
HXB2	215	0.0	IN
HXB2	216	0.0	IN
HXB2	217	0.0	IN
HXB2	218	0.0	IN
HXB2	219	0.0	IN
HXB2	220	0.0	IN
HXB2	221	0.0	IN
HXB2	222	0.0	IN
HXB2	223	0.0	IN
HXB2	224	0.0	IN
HXB2	225	0.0	IN
HXB2	226	0.0	IN
HXB2	227	0.0	IN
HXB2	228	0.0	IN
HXB2	229	0.0	IN
HXB2	230	0.0	IN
HXB2	231	0.0	IN
HXB2	232	0.0	IN
HXB2	233	0.0	IN
HXB2	234	0.0	IN
HXB2	235	0.0	IN
HXB2	236	0.0	IN
HXB2	237	0.0	IN
HXB2	238	0.0	IN
HXB2	239	0.0	IN
HXB2	240	0.0	IN
HXB2	241	0.0	IN
HXB2	242	0.0	IN
HXB2	243	0.0	IN
HXB2	244	0.0	IN
HXB2	245	0.0	IN
HXB2	246	0.0	IN
HXB2	247	0.0	IN
HXB2	248	0.0	IN
HXB2	249	0.0	IN
HXB2	250	0.0	IN
HXB2	251	0.0	IN
HXB2	252	0.0	IN
HXB2	253	0.0	IN
HXB2	254	0.0	IN
HXB2	255	0.0	IN
HXB2	256	0.0	IN
HXB2	257	0.0	IN
HXB2	258	0.0	IN
HXB2	259	0.0	IN
HXB2	260	0.0	IN
HXB2	261	0.0	IN
HXB2	262	0.0	IN
HXB2	263	0.0	IN
HXB2	264	0.0	IN
HXB2	265	0.0	IN
HXB2	266	0.0	IN
HXB2	267	0.0	IN
HXB2	268	0.0	IN
HXB2	269	0.0	IN
HXB2	270	0.0	IN
HXB2	271	0.0	IN
HXB2	272	0.0	IN
HXB2	273	0.0	IN
HXB2	274	0.0	IN
HXB2	275	0.0	IN
HXB2	276	0.0	IN
HXB2	277	0.0	IN
HXB2	278	0.0	IN
HXB2	279	0.0	IN
HXB2	280	0.0	IN
HXB2	281	0.0	IN
HXB2	282	0.0	IN
HXB2	283	0.0	IN
HXB2	284	0.0	IN
HXB2	285	0.0	IN
HXB2	286	0.0	IN
HXB2	287	0.0	IN
HXB2	288	0.0	IN
HXB2	1436	0.0	Unknown
